[  {
    "id": 0,
    "name": "Kerby",
    "image": "https://i.dlpng.com/static/png/354531_preview.png"

  },
  {
    "id": 1,
    "name": "Isabelle",
    "image": "https://vignette.wikia.nocookie.net/mario/images/2/2b/Isabelle_SSBU.png/revision/latest?cb=20180914122159"

  },
  {
    "id": 2,
    "name": "Squid",
    "image": "https://static.tvtropes.org/pmwiki/pub/images/dvcstgr.png"
 
  },
  {
    "id": 3,
    "name": "Samus",
    "image": "https://www.metroid-database.com/wp-content/uploads/Super-Smash-Bros.-Ultimate/SSBU_render_samus_smaller.png"
  },
  {
    "id": 4,
    "name": "Caotain Falcon",
    "image": "https://upload.wikimedia.org/wikipedia/en/4/4c/Captain_Falcon_character_portrait.png"
   
  },
  {
    "id": 5,
    "name": "Fox",
    "image": "https://img.rankedboost.com/wp-content/plugins/super-smash-bros-ultimate/assets/character-images-main/Fox_SSBU.png"
   
  },
  {
    "id": 6,
    "name": "Ness",
    "image": "https://www.smashbros.com/images/character/secret03/main.png"
  },  
  {
    "id": 7,
    "name": "Toon Link",
    "image": "https://img.rankedboost.com/wp-content/plugins/super-smash-bros-ultimate/assets/character-images-main/Toon_Link_SSBU.png"
  },
  {
    "id": 8,
    "name": "Sonic",
    "image": "http://smashbros-ultimate.com/images/char/sonic.png"
  },
  {
    "id": 9,
    "name": "Yoshi",
    "image": "https://static.tvtropes.org/pmwiki/pub/images/yoshissbu.png"
  },
  {
    "id": 10,
    "name": "Ice Climers",
    "image": "http://oyster.ignimgs.com/wordpress/stg.ign.com/2018/12/ice_climbers.png"
  },
  {
    "id": 11,
    "name": "Incineroar",
    "image": "https://cdn.bulbagarden.net/upload/c/c4/Incineroar_SSBU.png"
  },
  {
    "id": 12,
    "name": "Pichu",
    "image": "https://pbs.twimg.com/media/DfhiYdDUEAAUgsJ.png"
  },
    {
    "id": 13,
    "name": "Mii",
    "image": "https://i.pinimg.com/originals/14/d7/36/14d736e3a04efd2508fa6bd291bcd3f9.png"
  },
  {
    "id": 14,
    "name": "Roy",
    "image": "https://pbs.twimg.com/media/DfrBe7IVMAAQ6Ek.png"
  },
  {
    "id": 15,
    "name": "Pac Man",
    "image": "https://blogboard.net/upload/115/super-smash-bros-ultimate-all-character-renders-54.png"
  }
]
